id1,id2
2ml3A,4bqnA
2ml3A,2q2eB
2ml3A,2j8pA
2ml3A,7oqyF
2ml3A,5dazA
2ml3A,6rssA
2ml3A,8cvmD
2ml3A,6r7iG
2ml3A,2wm2C
2ml3A,7zwcH
2ml3A,8ua5A
2ml3A,3hfiA
2ml3A,8hgnA
2ml3A,2mcdA
2ml3A,4y68B
2ml3A,3cqoA
2ml3A,6kzjA
2ml3A,7dk9A
2ml3A,6eyxA
2ml3A,8ar0A
2ml3A,7wkfA
2ml3A,4zfvA
2ml3A,2w4yA
2ml3A,6ptmA
2ml3A,8jw0J
2ml3A,2m7nA
2ml3A,7f0lGA
2ml3A,7c3cB
2ml3A,6qp0A
2ml3A,2ju5A
2ml3A,1wxpA
2ml3A,7v2wD
2ml3A,5cd6A
2ml3A,5wodA
2ml3A,2bc4C
2ml3A,3b46B
2ml3A,1eesB
2ml3A,5w7dA
2ml3A,2qeuB
2ml3A,2oplB
2ml3A,4rfqA
2ml3A,4yx5A
2ml3A,7p5jA
2ml3A,3anwB
2ml3A,3iusA
2ml3A,4hwvA
2ml3A,3wa8A
2ml3A,7bmlD
2ml3A,3l9wB
2ml3A,2m7oA
2ml3A,1udxA
2ml3A,6dxoB
2ml3A,5im8A
2ml3A,4o98B
2ml3A,4k8pA
2ml3A,1bo1A
2ml3A,4ftdA
2ml3A,7yqhA
2ml3A,3ufkA
2ml3A,6hn7A
2ml3A,8czoA
2ml3A,7bioB
2ml3A,1qrjA
2ml3A,5fhkD
2ml3A,8gccA
2ml3A,3rj2A
2ml3A,5xiuA
2ml3A,2oocB
2ml3A,2gqbA
2ml3A,5izoA
2ml3A,5m0nA
2ml3A,2cooA
2ml3A,2hy7A
2ml3A,5y3tA
2ml3A,2myxA
2ml3A,1xc0A
2ml3A,4x3nA
2ml3A,6ortA
2ml3A,1z2fA
2ml3A,1cl4A
2ml3A,6m3iA
2ml3A,8imlOA
2ml3A,6tdvQ
2ml3A,3lgcA
2ml3A,6xxvC
2ml3A,6dgaA
2ml3A,2ab5A
2ml3A,5jr9A
2ml3A,5fl1A
2ml3A,6bx3E
2ml3A,3d6wA
2ml3A,5bs7E
2ml3A,1ifpA
2ml3A,5tcpA
2ml3A,5xf9D
2ml3A,7phfB
2ml3A,6xfmA
2ml3A,8fnyA
2ml3A,6fonA
2ml3A,8cb6A
2ml3A,5jabA
2ml3A,3w5wA
2ml3A,6vzuA
2ml3A,7v3kB
2ml3A,2m88A
2ml3A,5vaeA
2ml3A,2nwtA
2ml3A,3effE
2ml3A,6am0D
2ml3A,6h3sB
2ml3A,6ybwV
2ml3A,5zerA
2ml3A,5ejgB
2ml3A,3x38B
2ml3A,6tebD
2ml3A,5ujjA
2ml3A,7dguA
2ml3A,1ifwA
2ml3A,6hd8B
2ml3A,6s3fA
2ml3A,4rkkA
2ml3A,7ozsB
2ml3A,8ebgB
2ml3A,5yhfA
2ml3A,3zpyA
2ml3A,2ricC
2ml3A,3fy6B
2ml3A,3dmyA
2ml3A,4uwqF
2ml3A,2mvwA
2ml3A,6op8B
2ml3A,1jm7A
2ml3A,6rdjK
2ml3A,6wkkA
2ml3A,1lcsA
2ml3A,1u0sB
2ml3A,2nb1A
2ml3A,5jdoA
2ml3A,4asnA
2ml3A,2nc8A
2ml3A,2xdyA
2ml3A,1jyoF
2ml3A,2o71A
2ml3A,5z7dB
2ml3A,4cjdA
2ml3A,1p91A
2ml3A,6iacD
2ml3A,1mntA
2ml3A,2kusA
2ml3A,7zmgOA
2ml3A,6ey4A
2ml3A,4n5cD
2ml3A,1i5pA
2ml3A,5jhfF
2ml3A,7p2pB
2ml3A,7zskB
2ml3A,4ojjA
2ml3A,3l8qB
2ml3A,1g9qA
2ml3A,2m63A
2ml3A,3klwA
2ml3A,1otrA
2ml3A,2ksfA
2ml3A,7uicC
2ml3A,8ap7DA
2ml3A,7wrnA
2ml3A,3h0dA
2ml3A,2ggeD
2ml3A,6kwyCA
2ml3A,8g6eG
2ml3A,6ayiA
2ml3A,3vhxB
2ml3A,4mpiB
2ml3A,4ebaA
2ml3A,6tjbA
2ml3A,5lakA
2ml3A,8cssR
2ml3A,4gleC
2ml3A,7dbeB
2ml3A,3uw3B
2ml3A,5lz3B
2ml3A,1tbqE
2ml3A,2euiA
2ml3A,6d7yB
2ml3A,7x17C
2ml3A,8i8bL
2ml3A,8gsaA
2ml3A,4pfhA
2ml3A,6ea8A
2ml3A,8j0nE
2ml3A,5nnrC
2ml3A,6af0B
2ml3A,4oo3A
2ml3A,1wmhB
2ml3A,6zz9A
2ml3A,2w7vA
2ml3A,6t2bB
2ml3A,4es8A
2ml3A,3t38A
2ml3A,2yeqA
2ml3A,8jx6B
2ml3A,7atiA
2ml3A,5m0wA
2ml3A,1owxA
2ml3A,8p03N
2ml3A,2ot2A
2ml3A,2myjA
2ml3A,6dggA
2ml3A,4po7A
2ml3A,5bq5B
2ml3A,2hthB
2ml3A,5a5tF
2ml3A,3iv4A
2ml3A,2yzjA
2ml3A,6yrfA
2ml3A,1yg0A
2ml3A,6fbzB
2ml3A,1sgoA
2ml3A,6ta5D
2ml3A,3ktnA
2ml3A,6eszA
2ml3A,1zs7A
2ml3A,8th8R
2ml3A,7vg7B
2ml3A,7kgvB
2ml3A,8caiO
2ml3A,2aplA
2ml3A,3i8oA
2ml3A,7sgrI
2ml3A,2pe4A
2ml3A,2oh3A
2ml3A,5uvgA
2ml3A,5ex1C
2ml3A,8e1hA
2ml3A,6vgvA
2ml3A,8aq2A
2ml3A,5k8gA
2ml3A,8d8kJ
2ml3A,3ezsA
2ml3A,5n5eB
2ml3A,5hp5A
2ml3A,2w0cK
2ml3A,3fc3A
2ml3A,8ih7A
2ml3A,8dwqA
2ml3A,4pqzA
2ml3A,6cw2A
2ml3A,8fvtA
2ml3A,2jv7A
2ml3A,2y3wA
2ml3A,6xyiA
2ml3A,7v9aB
2ml3A,8qynN
2ml3A,1s5lDA
2ml3A,8jw0F
2ml3A,8aimA
2ml3A,6mtzB
2ml3A,8dh8A
2ml3A,2vsvB
2ml3A,1ypqB
2ml3A,8hjuIA
2ml3A,5boxA
2ml3A,8adnC
2ml3A,6raoC
2ml3A,1b62A
2ml3A,7epnB
2ml3A,6hu9CA
2ml3A,3eloA
2ml3A,8bd7K
2ml3A,8ghtA
2ml3A,6xgtJ
2ml3A,4gaeA
2ml3A,4cu5A
2ml3A,6f46A
2ml3A,7acvB
2ml3A,7nwuB
2ml3A,2pkeA
2ml3A,5zx1A
2ml3A,4v1xE
2ml3A,5daeA
2ml3A,5yc3A
2ml3A,6j2pA
2ml3A,2erfA
2ml3A,5juyB
2ml3A,7ekpA
2ml3A,6lb8C
2ml3A,8j8jB
2ml3A,2cokA
2ml3A,3ikmD
2ml3A,1u6pB
2ml3A,2f9cA
2ml3A,8imdA
2ml3A,1vr0C
2ml3A,3nrfB
2ml3A,3iuoB
2ml3A,3pm2A
2ml3A,8hdwC
2ml3A,8d8kN
2ml3A,4jx2A
2ml3A,3sbuA
2ml3A,6psiA
2ml3A,4rnxA
2ml3A,2kaeA
2ml3A,4mr0A
2ml3A,6wxvA
2ml3A,7qg6C
2ml3A,2jn9A
2ml3A,8dddB
2ml3A,1wxrA
2ml3A,1f43A
2ml3A,5v50F
2ml3A,7sbaI
2ml3A,5egpA
2ml3A,7kmtI
2ml3A,7lx0GA
2ml3A,1id2A
2ml3A,2n81A
2ml3A,7d58A
2ml3A,2kczA
2ml3A,5fv8A
2ml3A,3hklB
2ml3A,6bogA
2ml3A,1w7oA
2ml3A,2ov9C
2ml3A,1ynbA
2ml3A,4kkyA
2ml3A,7st9A
2ml3A,7v2cHA
2ml3A,3nklB
2ml3A,2m4nA
2ml3A,7qidB
2ml3A,1tmfA
2ml3A,5ovyA
2ml3A,8dy9I
2ml3A,8q0eA
2ml3A,6ly5S
2ml3A,1onxA
2ml3A,7vprC
2ml3A,1sh0B
2ml3A,1lrzA
2ml3A,5npwH
2ml3A,6ohtA
2ml3A,5gw8B
2ml3A,6ta9A
2ml3A,6pwdA
2ml3A,4bjtA
2ml3A,8t9pE
2ml3A,7ecdA
2ml3A,6z9uD
2ml3A,8a16B
2ml3A,4proD
2ml3A,3u2rA
2ml3A,7c76B
2ml3A,2katA
2ml3A,5ylzV
2ml3A,8ilaA
2ml3A,4hl0A
2ml3A,4olpB
2ml3A,1wloA
2ml3A,3lkuF
2ml3A,8ee7C
2ml3A,3uafA
2ml3A,7u23C
2ml3A,4m6tA
2ml3A,8dvnB
2ml3A,2e5rA
2ml3A,3k17A
2ml3A,7o3dA
2ml3A,4wgkB
2ml3A,4ccsA
2ml3A,5yhrA
2ml3A,5llwA
2ml3A,5ez7A
2ml3A,2nx4A
2ml3A,3oq3A
2ml3A,2gu1A
2ml3A,2lqvA
2ml3A,6uawA
2ml3A,7lm0A
2ml3A,2od4A
2ml3A,1bb1B
2ml3A,5teuB
2ml3A,5m48A
2ml3A,3mzyA
2ml3A,2mpoA
2ml3A,4ce4Z
2ml3A,2vp7B
2ml3A,8a1cA
2ml3A,7qocA
2ml3A,7y1aD
2ml3A,2jp6A
2ml3A,1rh1A
2ml3A,1sgpA
2ml3A,7ar9R
2ml3A,2od6A
2ml3A,6wqmD
2ml3A,6pxkE
2ml3A,6tdmA
2ml3A,2ltsA
2ml3A,1uk5A
2ml3A,6yubA
2ml3A,3v69A
2ml3A,4nbbE
2ml3A,5xvnF
2ml3A,4qvzB
2ml3A,4av2A
2ml3A,3km9B
2ml3A,1x2gC
2ml3A,2yevC
2ml3A,4nxtA
2ml3A,1wn9A
2ml3A,7scdA
2ml3A,1ww1A
2ml3A,8rc4H
2ml3A,6whpA
2ml3A,3iiiA
2ml3A,5t13A
2ml3A,6rd4G
2ml3A,7zv9L
2ml3A,3goeA
2ml3A,6yleD
2ml3A,7mvxA
2ml3A,3mx7A
2ml3A,6u4zA
2ml3A,7ydwF
2ml3A,3tc6A
2ml3A,1r8gB
2ml3A,6hswA
2ml3A,5m5zA
2ml3A,7v9gD
2ml3A,8hpoG
2ml3A,4j7oA
2ml3A,5zb8A
2ml3A,7dv2A
2ml3A,8ck1E
2ml3A,1t4lB
2ml3A,4uy3A
2ml3A,6c8zA
2ml3A,6f7jA
2ml3A,3r0aB
2ml3A,6q6gB
2ml3A,6em5G
2ml3A,1af0A
2ml3A,4uqwA
2ml3A,3jq1B
2ml3A,7ac1A
2ml3A,7a6hO
2ml3A,7sjrB
2ml3A,6a7vC
2ml3A,3eupA
2ml3A,4zuyA
2ml3A,5nenA
2ml3A,4eo0A
2ml3A,7zr1A
2ml3A,3on2B
2ml3A,4jpqA
2ml3A,2g8lB
2ml3A,2c1yA
2ml3A,2eqxA
2ml3A,3ky8A
2ml3A,5nddA
2ml3A,3fz4A
2ml3A,2q22A
2ml3A,6s7vA
2ml3A,8a2nA
2ml3A,2pk8A
2ml3A,1bhuA
2ml3A,6htjA
2ml3A,6tqeA
2ml3A,3snkA
2ml3A,7qsdN
2ml3A,2n1dA
2ml3A,6yjjA
2ml3A,2wv3A
2ml3A,7c4jI
2ml3A,8hoyA
2ml3A,8c8zG
2ml3A,2i8eA
2ml3A,2ns0A
2ml3A,4cn0B
2ml3A,1dlpC
2ml3A,4k6bB
2ml3A,6bgfA
2ml3A,2vhfA
2ml3A,5udzA
2ml3A,1sszA
2ml3A,7crcD
2ml3A,6cfwG
2ml3A,6wucC
2ml3A,2k6lA
2ml3A,1g8xA
2ml3A,6uvzA
2ml3A,3uwxA
2ml3A,6j7nA
2ml3A,2q7sB
2ml3A,6mdmG
2ml3A,7butA
2ml3A,2ek5B
2ml3A,2lrmA
2ml3A,6gu1A
2ml3A,7nl9B
2ml3A,4bqdA
2ml3A,6zb8B
2ml3A,3wrgA
2ml3A,1qklA
2ml3A,5aj3U
2ml3A,2o0yC
2ml3A,2kyyA
2ml3A,4w4lC
2ml3A,7u7nA
2ml3A,7tpuA
2ml3A,1dj0A
2ml3A,6cj0A
2ml3A,5mqfM
2ml3A,5fnnA
2ml3A,6xj3A
2ml3A,7pd7B
2ml3A,7qj2G
2ml3A,1knxE
2ml3A,7al0A
2ml3A,2nchA
2ml3A,8cspC
2ml3A,3p2cA
2ml3A,5f7cB
2ml3A,2wfkA
2ml3A,6jqkB
2ml3A,7dkhB
2ml3A,8fn2G
2ml3A,6drhE
2ml3A,4xp7A
2ml3A,3gn5A
2ml3A,4k2jA
2ml3A,6r6bF
2ml3A,3dxqA
2ml3A,4pevA
2ml3A,6yqqA
2ml3A,1n0zA
2ml3A,1d2lA
2ml3A,2lboA
2ml3A,1esgD
2ml3A,2jzcA
2ml3A,2znxA
2ml3A,3o66A
2ml3A,3hzpA
2ml3A,8t48C
2ml3A,1xtdA
2ml3A,6exxA
2ml3A,5heyA
2ml3A,8k89A
2ml3A,1ufbA
2ml3A,5vsxA
2ml3A,4rzsB
2ml3A,8cylA
2ml3A,1b9xB
2ml3A,7nywE
2ml3A,3buuA
2ml3A,2py6A
5aj3W,6gefA
5aj3W,7ylsB
5aj3W,3he5B
5aj3W,8q1vA
5aj3W,6nd4D
5aj3W,3o3mC
5aj3W,6m31A
5aj3W,6dd5A
5aj3W,7edxY
5aj3W,6h6gA
5aj3W,1v6fA
5aj3W,2nujA
5aj3W,6eyuA
5aj3W,7yqhE
5aj3W,5xyiEA
5aj3W,5dplA
5aj3W,2kckA
5aj3W,5jhfB
5aj3W,6rd4F
5aj3W,7ar9AA
5aj3W,4me7F
5aj3W,6qumD
5aj3W,4zynB
5aj3W,6f1sA
5aj3W,8ditC
5aj3W,2nq3A
5aj3W,6v6aB
5aj3W,5oqmNA
5aj3W,2dgeA
5aj3W,5i3eB
5aj3W,1mivA
5aj3W,1b3uA
5aj3W,5o31SA
5aj3W,6pwnA
5aj3W,1vmoA
5aj3W,1rl1A
5aj3W,4mifB
5aj3W,2cp5A
5aj3W,2lw6A
5aj3W,2f66B
5aj3W,7fhrA
5aj3W,5w6hA
5aj3W,6e2aA
5aj3W,2kn1A
5aj3W,5xe3F
5aj3W,5ngnB
5aj3W,6hhkB
5aj3W,5u9mD
5aj3W,4kryE
5aj3W,8iwhNA
5aj3W,3laeA
5aj3W,8cspDA
5aj3W,5xazA
5aj3W,5k8oB
5aj3W,4ggfD
5aj3W,7t5wB
5aj3W,6lyqA
5aj3W,6mxvB
5aj3W,2m2eA
5aj3W,8rhnK
5aj3W,3gn3A
5aj3W,4f4cA
5aj3W,7ly7A
5aj3W,1lmlA
5aj3W,8av6H
5aj3W,2xciA
5aj3W,7r6kH
5aj3W,7bjiB
5aj3W,6yxeA
5aj3W,7ofqBA
5aj3W,6ceiA
5aj3W,1izmA
5aj3W,2gvhB
5aj3W,3vepH
5aj3W,5n92A
5aj3W,3ijmA
5aj3W,8h9gC
5aj3W,3tbmA
5aj3W,2bgoA
5aj3W,1q5yD
5aj3W,7da2E
5aj3W,6tdvM
5aj3W,2elrA
5aj3W,3s4wA
5aj3W,2n51A
5aj3W,7xziM
5aj3W,6c29A
5aj3W,2kt8A
5aj3W,4pvzC
5aj3W,7cudA
5aj3W,5dm3C
5aj3W,2wgnA
5aj3W,4mjgA
5aj3W,2r7hB
5aj3W,1z05A
5aj3W,7c24A
5aj3W,2x4gA
5aj3W,5lc5G
5aj3W,3angA
5aj3W,2d3oD
5aj3W,8aicA
5aj3W,4b0mC
5aj3W,5yfpE
5aj3W,8th8D
5aj3W,8c8zR
5aj3W,6mojB
5aj3W,8i6sE
5aj3W,5kayB
5aj3W,7wo9A
5aj3W,8teuC
5aj3W,6ublA
5aj3W,3axbA
5aj3W,3mp7B
5aj3W,7dckA
5aj3W,4qpgC
5aj3W,2gtjA
5aj3W,7o5yC
5aj3W,7o4iB
5aj3W,1cwxA
5aj3W,3b5oA
5aj3W,5ke1A
5aj3W,7jr9A
5aj3W,5g24A
5aj3W,4y25A
5aj3W,7tyfC
5aj3W,2yjnB
5aj3W,1wpbA
5aj3W,5kbcA
5aj3W,1svyA
5aj3W,4m1xA
5aj3W,3ke7B
5aj3W,4pl0B
5aj3W,5wylD
5aj3W,5kklB
5aj3W,2wyoA
5aj3W,7oi8UA
5aj3W,3r3uA
5aj3W,5z5mA
5aj3W,8c8qE
5aj3W,3umvA
5aj3W,6irwA
5aj3W,6h3aC
5aj3W,6izgA
5aj3W,3m91B
5aj3W,5eurA
5aj3W,5ounA
5aj3W,7qogD
5aj3W,4k6lG
5aj3W,4mb6A
5aj3W,8j0nH
5aj3W,3pfoA
5aj3W,5u6hA
5aj3W,6bzoE
5aj3W,7b9kA
5aj3W,6ckaA
5aj3W,2a1sC
5aj3W,8b9zW
5aj3W,6r48B
5aj3W,8hjcA
5aj3W,4rfuA
5aj3W,8i16A
5aj3W,5f37B
5aj3W,2oafB
5aj3W,7egdC
5aj3W,5ibvA
5aj3W,8hpoB
5aj3W,6whbA
5aj3W,1vrrC
5aj3W,7cxzA
5aj3W,8p0wH
5aj3W,4aggA
5aj3W,1fwxA
5aj3W,7c4dA
5aj3W,4gahB
5aj3W,7todA
5aj3W,4evqB
5aj3W,1xfiA
5aj3W,8sh2L
5aj3W,5chiA
5aj3W,7jsfA
5aj3W,4uyiA
5aj3W,3r1vA
5aj3W,7ewfB
5aj3W,2uwjA
5aj3W,3h9pA
5aj3W,2oajA
5aj3W,4atvA
5aj3W,2d0aA
5aj3W,6uf2A
5aj3W,1sfuC
5aj3W,3d0kB
5aj3W,6xsnC
5aj3W,8txrB
5aj3W,1xfkA
5aj3W,5jtvE
5aj3W,2wc1A
5aj3W,6xp5K
5aj3W,6ya1A
5aj3W,5o9eB
5aj3W,7cgpC
5aj3W,1fu9A
5aj3W,5b2gC
5aj3W,2yskA
5aj3W,4jgxB
5aj3W,6yp6A
5aj3W,2w5eA
5aj3W,6mspA
5aj3W,6wg3E
5aj3W,4g33A
5aj3W,1qk7A
5aj3W,7vc4G
5aj3W,8bn0A
5aj3W,6zkaZ
5aj3W,1rhzB
5aj3W,1n4nA
5aj3W,6wlwO
5aj3W,4r4xA
5aj3W,5cmlB
5aj3W,4fi1A
5aj3W,7e5wA
5aj3W,7qhmA
5aj3W,2otaB
5aj3W,2miuA
5aj3W,2h7yA
5aj3W,7ezyA
5aj3W,4lgoA
5aj3W,2naeA
5aj3W,1kvdA
5aj3W,8ia3E
5aj3W,6q7pA
5aj3W,6jtdA
5aj3W,4merD
5aj3W,2b8iA
5aj3W,5cskA
5aj3W,5o8oA
5aj3W,6zh1A
5aj3W,4lzpB
5aj3W,1uecA
5aj3W,2l7sA
5aj3W,5tmaA
5aj3W,8envBA
5aj3W,6adqF
5aj3W,7jrgA
5aj3W,5vhgA
5aj3W,8i79C
5aj3W,5ownA
5aj3W,7eniC
5aj3W,2pi2F
5aj3W,4nooB
5aj3W,4kt3B
5aj3W,6v6dA
5aj3W,6k9cA
5aj3W,5xbnA
5aj3W,5a29A
5aj3W,2x3bA
5aj3W,2d9oA
5aj3W,5mqcB
5aj3W,7quuA
5aj3W,2ly1A
5aj3W,1oltA
5aj3W,2v78A
5aj3W,7qpgC
5aj3W,7pkqPA
5aj3W,2w0cP
5aj3W,5lt9B
5aj3W,4pkxA
5aj3W,6v8oL
5aj3W,4waiA
5aj3W,1rf8B
5aj3W,7eu3V
5aj3W,1s18A
5aj3W,2nocA
5aj3W,4bndB
5aj3W,3dp5A
5aj3W,1r7cA
5aj3W,6zxaA
5aj3W,2ptlA
5aj3W,2dkqA
5aj3W,7q21Z
5aj3W,6wj3H
5aj3W,4pqpB
5aj3W,2rstA
5aj3W,3zidA
5aj3W,1p6xA
5aj3W,5ca9A
5aj3W,7dgwA
5aj3W,1yhpA
5aj3W,4lgcA
5aj3W,2x5rA
5aj3W,6fe4A
5aj3W,2n5jA
5aj3W,2oa4A
5aj3W,5f6fA
5aj3W,5zkeA
5aj3W,4geyA
5aj3W,1nc5A
5aj3W,2p3pB
5aj3W,2ppqA
5aj3W,7a23H
5aj3W,8elfB
5aj3W,5jirB
5aj3W,2m0cA
5aj3W,6kfnA
5aj3W,7r0xA
5aj3W,8clqB
5aj3W,5axkB
5aj3W,2ct2A
5aj3W,5chsB
5aj3W,2hg7A
5aj3W,3g2eB
5aj3W,2er8E
5aj3W,5k2mN
5aj3W,8hyjA
5aj3W,7qj0J
5aj3W,4bm5A
5aj3W,8idcC
5aj3W,3thtB
5aj3W,6pglA
5aj3W,7t62A
5aj3W,2dirA
5aj3W,4lidA
5aj3W,6mitC
5aj3W,7m5hB
5aj3W,6bjvA
5aj3W,7fdeP
5aj3W,3i4mD
5aj3W,6p59E
5aj3W,3tp9A
5aj3W,1ej5A
5aj3W,7wvtA
5aj3W,2mkdA
5aj3W,7z8vB
5aj3W,4zkjB
5aj3W,8bw9A
5aj3W,3evyB
5aj3W,2d9hA
5aj3W,6jmgA
5aj3W,7qalA
5aj3W,6b4hA
5aj3W,2dkzA
5aj3W,6z96A
5aj3W,5d55B
5aj3W,7ag1A
5aj3W,3cooA
5aj3W,3sngA
5aj3W,4o87B
5aj3W,1wlfA
5aj3W,2vn4A
5aj3W,7mwaA
5aj3W,6v22B
5aj3W,6orjA
5aj3W,1jgkA
5aj3W,1xpqA
5aj3W,5dgkA
5aj3W,1kx5C
5aj3W,1ga3A
5aj3W,7ud6A
5aj3W,5mabA
5aj3W,4j7gA
5aj3W,2q8uA
5aj3W,8j5kJA
5aj3W,1qgpA
5aj3W,4p3xA
5aj3W,4fgvA
5aj3W,7nn6A
5aj3W,6bs9A
5aj3W,2or8A
5aj3W,1gxdC
5aj3W,3a0sA
5aj3W,2jhpA
5aj3W,3tacB
5aj3W,2ytxA
5aj3W,3io0A
5aj3W,3ij2B
5aj3W,4zkeA
5aj3W,7ktrJ
5aj3W,6s6bJ
5aj3W,7ar9Q
5aj3W,5j4iA
5aj3W,6te9F
5aj3W,1ku9A
5aj3W,2iz3A
5aj3W,1bwxA
5aj3W,2if7D
5aj3W,1jr2A
5aj3W,1stzA
5aj3W,8ap7Z
5aj3W,2q5zB
5aj3W,2iqtA
5aj3W,8buxA
5aj3W,4z94B
5aj3W,1wfgA
5aj3W,1fcdB
5aj3W,7w91A
5aj3W,5mwwA
5aj3W,8qnjA
5aj3W,7w72B
5aj3W,2raqB
5aj3W,7nd2B
5aj3W,5juhA
5aj3W,1qn0A
5aj3W,6tgfB
5aj3W,2ofgA
5aj3W,1sa3E
5aj3W,8dtbA
5aj3W,4wckA
5aj3W,6zkaD
5aj3W,5xgcA
5aj3W,5whvJ
5aj3W,4id2A
5aj3W,2ru0A
5aj3W,1m4vB
5aj3W,5d1wD
5aj3W,7o97A
5aj3W,5xncB
5aj3W,6eunA
5aj3W,8f72B
5aj3W,8g0hH
5aj3W,4qszA
5aj3W,7x3tT
5aj3W,1wsvA
5aj3W,2kmdA
5aj3W,3ml1A
5aj3W,3k2vA
5aj3W,2pofA
5aj3W,2c2lA
5aj3W,5xtcR
5aj3W,1ewrA
5aj3W,2m2bA
5aj3W,3ppsA
5aj3W,1ypxA
5aj3W,6n9xB
5aj3W,4b0mA
5aj3W,2ks1B
5aj3W,2eemA
5aj3W,6qblA
5aj3W,2hw2A
5aj3W,3sqnA
5aj3W,8eg3A
5aj3W,7ltsD
5aj3W,4i2wA
5aj3W,1bagA
5aj3W,6z11F
